tweetID,tweetText,tweetRetweetCt,tweetFavoriteCt,tweetSource,tweetCreated,userID,userScreen,userName,userCreateDt,userDesc,userFollowerCt,userFriendsCt,userLocation,userTimezone
753676151109873664,RT @afcstuff: Arsenal are showing 'interest' in signing Napoli striker Gonzalo Higuain. [@SkySportsLyall] #afc https://t.co/QwYEXZrUDM,4,0,Twitter for iPhone,2016-07-14 19:42:51,1426010749,jackthomaswoods,Woodsy,2013-05-13 17:42:45,Passionate Arsenal & England fan #Cardiff2017 #Arsenal FC #SuplexCity #COYG #12Times Thee most successful team in the history of the FA Cup.,493,703,UK,
753676149998223360,"RT @Arsenal: üé• Arshavin, Kanu, Henry and Bergkamp in one compilation... go on, treat yourselves to this üîª
https://t.co/zRnvaEqUlm https://t‚Ä¶",22,0,Twitter for Android,2016-07-14 19:42:51,176885005,yorch_cr,Jorge Ortiz,2010-08-10 18:06:33,"Fraile√±o, LDA, Arsenal, Valencia, Patriots, disque inform√°tico, no soy runner, ni cletero, ni hondero, ni vegano.",580,855,Costa Rica,Central America
753676136584974336,RT @HoeSayMourinho_: @MixahFanimo he's still fast..he just needs a counter attacking team.. Arsenal aren't and Germany don't do that anymore,1,0,Twitter for iPhone,2016-07-14 19:42:48,3331181824,ShokiScientist,#WengerOut,2015-06-17 08:55:36,"@a party song came and someone challenged me so I had to drop elite Shoki. after battle, girl said: This boy has passed Shoki master he's like a Shoki Scientist",1818,1367,University of Shoki,Eastern Time (US & Canada)
753676132785029120,"Barcelona defender Thomas Vermaelen, is a target for former club Arsenal, while West Ham are also interested. (Source: Daily Star)",0,0,IFTTT,2016-07-14 19:42:47,735427509332934656,Mental_Football,Football Mental,2016-05-25 11:09:16,,17,1,,Dublin
753676131920928769,"RT @FabrizioRomano: If Napoli will not accept, Juve would be ready to pay release-clause (‚Ç¨94M!) for Higuain. Arsenal, now, just talks and‚Ä¶",75,0,Twitter for Android,2016-07-14 19:42:47,351590378,beaukeefe,Beau,2011-08-09 13:28:36,,337,221,Kent,Casablanca
753676131237240833,RT @davidhickman14: On this day in 1998 Ian Wright left #Arsenal after scoring 185 goals in 288 games #Legend https://t.co/stxxrChbSt,72,0,Twitter for Android,2016-07-14 19:42:46,743555404148391936,cadde_deeq143,Deeq Cadde,2016-06-16 21:26:37,Sports,25,133,Somalia,
753676129953845248,Higuain to Juve? Lol Arsenal's #9 will be Walcott,0,0,Mobile Web (M2),2016-07-14 19:42:46,2862024625,DareToMkhi,Myhill,2014-10-18 05:58:28,"Football & Rugby fan, I support @ManUtd, PSG, @BlueBullsRugby, @CrusadersRugby, Stade Francais, @LeicesterTigers & Suntory Sungoliath. #Twitter92",1726,4983,Panic Zone,
753676127672143873,"RT @Arsenal: üì∏ Look who's been visiting the #NewSouthWales Blue Mountains

More #ArsenalinSydney pics ‚û°Ô∏è https://t.co/eqvXp4HwsF https://t.‚Ä¶",117,0,Twitter Web Client,2016-07-14 19:42:46,2943921218,Vela11111,Vela,2014-12-26 12:52:59,,78,138,,
753676126896156672,"RT @paddypower: Wenger has told Thierry Henry he must quit his Sky punditry duties. Nothing to do with his Arsenal coaching role, just hate‚Ä¶",179,0,Twitter for Android,2016-07-14 19:42:45,899832607,MMberia1,Muchui Mberia,2012-10-23 12:40:37,Saving you from mediocrity since 2000,726,1635,Nairobi,Baghdad
753676126627606528,"Arsenal yesterday, Juventus today, PSG tomorrow and Atletico next week. This Higuain circus will go on till August.",0,0,Twitter Web Client,2016-07-14 19:42:45,364892937,ankitpathak04,Ankit,2011-08-30 14:35:58,Arsenal fan. Love Juventus. Theo Walcott believer.,383,321,Arlington/Mumbai,Pacific Time (US & Canada)
753676126069854208,"RT @Arsenal: üé• Arshavin, Kanu, Henry and Bergkamp in one compilation... go on, treat yourselves to this üîª
https://t.co/zRnvaEqUlm https://t‚Ä¶",22,0,Twitter Web Client,2016-07-14 19:42:45,160269179,Fred_Thed,Fred 'DANKO' Thed,2010-06-27 18:01:31,"Tables turn, bridges burn, you live and learn.",475,601,Here and There ,Nairobi
753676121711992836,Is anyone good when explaining Data Usage for Phones,0,0,Twitter Web Client,2016-07-14 19:42:44,293716355,Arsenal_212,Dat Guy Jamie,2011-05-05 21:03:27,"North London Is Red (#Arsenal)  Love Sports & Gaming .     Always Be Positive And Enjoy Your Life !!        22.  
NBA FAN #BULLS",3721,904,UK,London
753676119149273088,@FabrizioRomano Arsenal won't go anywhere near ‚Ç¨94m,0,0,Twitter for iPhone,2016-07-14 19:42:44,159977756,JakeStobbs,Jake Stobbs,2010-06-26 21:14:00,,84,463,,
753676111956078592,"RT @Arsenal: üé• Arshavin, Kanu, Henry and Bergkamp in one compilation... go on, treat yourselves to this üîª
https://t.co/zRnvaEqUlm https://t‚Ä¶",22,0,Twitter for iPad,2016-07-14 19:42:42,107525552,SmokeyE10,Somkey,2010-01-22 21:29:25,,731,1022,Leyton,London
753676111934918656,@DemVsUs @NickiDupre arsenal direct rivals? oh,0,0,TweetDeck,2016-07-14 19:42:42,220064417,EUStartinNew,Bliss&Harmony,2010-11-26 17:38:56,"MUFC, Naija, @13stepsco, Musician, @TrulyReds, @uMAXitFootball. Tweet about whatever. Let's explore. Oh and I don't know anything.",1932,426,,Central Time (US & Canada)
753676108713820160,"RT @Arsenal: üé• Arshavin, Kanu, Henry and Bergkamp in one compilation... go on, treat yourselves to this üîª
https://t.co/zRnvaEqUlm https://t‚Ä¶",22,0,Twitter for Android,2016-07-14 19:42:41,1374994712,tohmiisiin,‚ô†Mr‚Ä¢$!nzu‚ô†,2013-04-23 16:53:02,"‚ô†#COYG‚ô†
My fellow autobots...  
@_Lorluh, @madeinlagos",721,289,Lagos....Nigeria,
753676100753059840,RT @footbalIfights: Man United vs Arsenal through the years... üëä https://t.co/RmoO61gEgp,247,0,Twitter for Android,2016-07-14 19:42:39,166711059,jamesemery666,James Emery,2010-07-14 20:39:05,hates most humans,98,86,gun show or arm farm,
753676100623011841,Arsenal are showing 'interest' in signing Napoli striker Gonzalo Higuain. [@SkySportsLyall] #afc https://t.co/QwYEXZrUDM,4,3,Twitter for iPhone,2016-07-14 19:42:39,3123238004,afcstuff,afcstuff,2015-04-01 06:28:12,"Welcome to @afcstuff, bringing the latest news, updates, stats, team news & transfer news about Arsenal. Contact: afcstuff1@gmail.com",30339,85,,London
753676099943538690,@Arsenal will u send visa so I can participate in this #arsenal5k,0,0,Twitter for Android,2016-07-14 19:42:39,125766886,sleek004_AFC,Squady‚Ñ¢,2010-03-23 20:19:21,"#TeamJesus #TeamArsenal #TeamGemini #TeamMeyson IG:sleek004_afc
I follow back all gooner family",1855,1111,The Emirates,Pacific Time (US & Canada)
753676098609811456,Standard Issue Supplies | Your everyday arsenal for getting stuff done. https://t.co/Wx14F3e4jD https://t.co/rU1fMks04J,0,0,Twitter Web Client,2016-07-14 19:42:39,734770673122455552,DesignworksInk,Designworks Ink,2016-05-23 15:39:14,DESIGNWORKS INK was founded in 2014 by a group of dedicated and talented individuals that are as passionate about journals as they are great design.,0,0,"Nashville, TN",
753676096634249216,"RT @Arsenal: Ever wanted to ask Santi a question? Well now you can - check our Facebook for more Info üëá

https://t.co/VJJDODwE9V https://t.‚Ä¶",99,0,Twitter Web Client,2016-07-14 19:42:38,2943921218,Vela11111,Vela,2014-12-26 12:52:59,,78,138,,
753676091869556736,"RT @FabrizioRomano: If Napoli will not accept, Juve would be ready to pay release-clause (‚Ç¨94M!) for Higuain. Arsenal, now, just talks and‚Ä¶",76,0,Twitter for Android,2016-07-14 19:42:37,96659291,kokoraggamuffin,KoK√≤,2009-12-14 00:43:50,"Ingegnere (all'occorrenza del suono), appassionato di calcio...cio√® di #Juventus.",188,297,Cosenza,Rome
753676090711896064,Saudades Arshavin üò≠ https://t.co/q37wDZH02p,0,0,Twitter for iPhone,2016-07-14 19:42:37,3322851671,gvngmvyer,Castro Maia,2015-06-13 11:30:06,The future Tory Lanez!! Snapchat: gvngmvyer90,203,39,,
753676087763275776,"RT @Arsenal: üé• Arshavin, Kanu, Henry and Bergkamp in one compilation... go on, treat yourselves to this üîª
https://t.co/zRnvaEqUlm https://t‚Ä¶",22,0,Twitter Web Client,2016-07-14 19:42:36,764128068,Tuitbol,Fede Praml,2012-08-17 17:37:43,4-3-1-2. Zlatan. Bielsista. Community Manager de @RiverLPM. Pseudoperiodista.,322,847,Buenos Aires,
753676087222120448,"RT @ArsenalMagazine: @Arsenal Ryan Rocastle speaks to John in this month's mag, which you can get right here: https://t.co/D0uOKOdiOJ https‚Ä¶",30,0,Twitter for Windows,2016-07-14 19:42:36,3309855146,dhruvkashyap98,dhruv kashyap,2015-08-08 17:11:27,student,9,38,,
753676086873993216,"RT @FabrizioRomano: If Napoli will not accept, Juve would be ready to pay release-clause (‚Ç¨94M!) for Higuain. Arsenal, now, just talks and‚Ä¶",76,0,Twitter for Android,2016-07-14 19:42:36,325491092,Van_Persieeeee,Hanit ‚ò∫,2011-06-28 11:34:46,19 | Law student  @ManUtd is life and  @arminvanbuuren is my fav,2906,1378,"Delhi, India & Manchester ",New Delhi
753676086316269568,"RT @Arsenal: üé• Arshavin, Kanu, Henry and Bergkamp in one compilation... go on, treat yourselves to this üîª
https://t.co/zRnvaEqUlm https://t‚Ä¶",22,0,Twitter for iPhone,2016-07-14 19:42:36,3084557751,Chigrii,William Larsson,2015-03-10 18:33:18,16‚Ä¢ Gooner ‚Ä¢ New york rangers ‚Ä¢ S√∂dert√§lje Sk,194,1320,,
753676085661929472,"RT @FabrizioRomano: If Napoli will not accept, Juve would be ready to pay release-clause (‚Ç¨94M!) for Higuain. Arsenal, now, just talks and‚Ä¶",76,0,Tweetbot for iŒüS,2016-07-14 19:42:36,46343365,jacmeister,Chris Jacks√∂n,2009-06-11 08:08:24,Up for Tech and F1 Lifelong G√∂√∂ner,463,1100,London,
753676084332392448,"Arsenal rejected by players left, right and centre...",0,0,Twitter for Android,2016-07-14 19:42:35,2394137425,DeGeaholic,H,2014-03-17 10:06:09,"If you're ever down, just remember that the Earth is 4.543 billion years old and you exist at the same time of David de Gea.",631,576,,New Delhi
753676082604310532,@mikeygreen68 @abbottglenn @afc_adams @arsenal_nepal @goonerswin @josiebaik @kiyaawe @taranguyen33 #HAGN friends... you are the best,0,0,Mobile Web (M2),2016-07-14 19:42:35,2819202652,jep_paul,john paul jep,2014-10-09 10:44:20,#Friend Of #Football......,1556,2454,kampala-uganda,
753676081421484036,"RT @Arsenal: üìÖ July 14, 1992: John Jensen joins @Arsenal üá©üá∞ https://t.co/gbkefFrFhL",131,0,Twitter Web Client,2016-07-14 19:42:35,2943921218,Vela11111,Vela,2014-12-26 12:52:59,,78,138,,
753676080691736576,"RT @Arsenal: üé• Arshavin, Kanu, Henry and Bergkamp in one compilation... go on, treat yourselves to this üîª
https://t.co/zRnvaEqUlm https://t‚Ä¶",14,0,Twitter for Android,2016-07-14 19:42:34,2935956867,urnotzachabels,rita,2014-12-21 22:30:57,ROWYSO 4	/05/2015,1720,2218,Portugal,London
753676077734694912,RT @footbalIfights: Man United vs Arsenal through the years... üëä https://t.co/RmoO61gEgp,247,0,Twitter for iPhone,2016-07-14 19:42:34,2297919704,Kubinja,Sani K,2014-01-18 13:48:31,,23,40,,
753676077101350913,"RT @FabrizioRomano: If Napoli will not accept, Juve would be ready to pay release-clause (‚Ç¨94M!) for Higuain. Arsenal, now, just talks and‚Ä¶",76,0,Twitter for Android,2016-07-14 19:42:34,1562562144,mzidube26,Mzi Dube,2013-07-02 08:23:43,"ARSENAL FC FAN.SUNDOWNS FC. TIGER WOODS. ZIMBABWEAN. 
CHRISTIAN. FEDERER. SERENA WILLIAMS. CRICKET LOVER",833,2262,South Africa,
753676074056192000,"RT @FabrizioRomano: If Napoli will not accept, Juve would be ready to pay release-clause (‚Ç¨94M!) for Higuain. Arsenal, now, just talks and‚Ä¶",76,0,Twitter for iPhone,2016-07-14 19:42:33,142402086,HameedScope,Shahul_RED-DEVIL,2010-05-10 20:00:58,,93,246,"Bengaluru South, Karnataka",
753676072068190208,@AlhajiDrunkard @Jraimzz arsenal,0,0,Twitter for BlackBerry,2016-07-14 19:42:32,330394143,slimdot3,Dotun,2011-07-06 15:13:30,"#Teamchelsea|TeamNeverGiveUp|Hustle, Loyalty & Respect.|Coke addict|october's very own O.V.O.X.O|#selfie_chief.",933,757,The shed end,
753676071912996864,"RT @FabrizioRomano: If Napoli will not accept, Juve would be ready to pay release-clause (‚Ç¨94M!) for Higuain. Arsenal, now, just talks and‚Ä¶",76,0,TweetDeck,2016-07-14 19:42:32,3043863024,RegistaRole_,Ash,2015-02-26 15:49:27,'Luck Is Just Another Word For Destiny' | Arsenal | Giroud is the #MainMan,813,130,,Pacific Time (US & Canada)
753676071862673409,"RT @FabrizioRomano: If Napoli will not accept, Juve would be ready to pay release-clause (‚Ç¨94M!) for Higuain. Arsenal, now, just talks and‚Ä¶",76,0,Twitter Web Client,2016-07-14 19:42:32,4911129028,HalberMensch_,giano,2016-02-15 00:19:17,,42,87,,
753676071531384834,"RT @FabrizioRomano: If Napoli will not accept, Juve would be ready to pay release-clause (‚Ç¨94M!) for Higuain. Arsenal, now, just talks and‚Ä¶",76,0,Twitter for Android,2016-07-14 19:42:32,110947866,U2karsh,Utkarsh Patel,2010-02-03 09:09:12,I‚Äôm here to avoid friends on Facebook.,422,99,"Mumbai, India",Mumbai
753676068205240320,"RT @DeadlineDayLive: Barcelona defender Thomas Vermaelen, is a target for former club Arsenal, while West Ham are also interested. (Source:‚Ä¶",55,0,Twitter for Android,2016-07-14 19:42:31,753674917,nic_neyo,VANILLA  IC¬£‚Ñ¢,2012-08-12 19:46:16,#ChelseaFC #KTBFFH #Barcelona,507,808,"√úT: -1.29371,37.71157",
753676067521589249,@CrucialAlexis Juventus haven't bid. And Arsenal are in talks no bid,0,1,Twitter for iPhone,2016-07-14 19:42:31,748748844213547008,dreamvxlle,david,2016-07-01 05:23:30,,143,114,,Pacific Time (US & Canada)
753676064560472103,"RT @FabrizioRomano: If Napoli will not accept, Juve would be ready to pay release-clause (‚Ç¨94M!) for Higuain. Arsenal, now, just talks and‚Ä¶",76,0,Twitter for iPhone,2016-07-14 19:42:31,575023472,BieIik,Forever World Tails,2012-05-09 03:52:04,18. Welbeck scored at the Bernab√©u. The Arsenal. Admirer of Kim Kallstrom. Highly Sarcastic. Named Georgia by @SantiCathorla. Friends with @MysticMoron.,1746,706,,Eastern Time (US & Canada)
753676061968392196,"RT @FabrizioRomano: If Napoli will not accept, Juve would be ready to pay release-clause (‚Ç¨94M!) for Higuain. Arsenal, now, just talks and‚Ä¶",76,0,Twitter for iPhone,2016-07-14 19:42:30,51872472,londonsfinestdj,London's Finest DJ,2009-06-28 22:52:47,IG: londonsfinestdj / Snapchat: london1990 / For Bookings: londonsfinestdj@hotmail.com,205,417,"Georgia, USA",Central Time (US & Canada)
753676059376291841,"@Arsenal business club is an absolute joke will not be spending any money for another season, fans come last, no ambition #FinalStraw #afc",0,0,Twitter for Windows Phone,2016-07-14 19:42:29,1055629861,power180AFC,Ry31,2013-01-02 17:16:45,~ Arsenal & Football are my passion along with Wrestling WWE/TNA/SWE ~ Metal Head!,1184,1080,"Hertfordshire,ENGLAND",Amsterdam
753676058877198336,"RT @Dalie_Mufc: Leicester, arsenal,  westham https://t.co/lHf7cF0HGh",2,0,Twitter for Android,2016-07-14 19:42:29,313974752,Mbebe__AFC,Benard kalua Jnr,2011-06-09 14:23:38,ArsenalFC.  . . . ENTREPRENEUR,1998,935,Lilongwe,
753676057908314112,"RT @FabrizioRomano: If Napoli will not accept, Juve would be ready to pay release-clause (‚Ç¨94M!) for Higuain. Arsenal, now, just talks and‚Ä¶",76,0,Twitter for Android,2016-07-14 19:42:29,992998764,joker8546,United STUFF,2012-12-06 12:48:55,"Each and Every Update views Opnions Banter From fans journos AROUND the WOrld....








Stay Strong Luke Shaw",359,1514,,
753676053974056960,"RT @FabrizioRomano: If Napoli will not accept, Juve would be ready to pay release-clause (‚Ç¨94M!) for Higuain. Arsenal, now, just talks and‚Ä¶",76,0,Twitter for iPhone,2016-07-14 19:42:28,2163101785,mahat_somane,Farhan Mahat,2013-10-29 15:49:02,......,403,451,"Nairobi, Kenya",Kyiv
753676053713817600,"RT @Arsenal: üé• Arshavin, Kanu, Henry and Bergkamp in one compilation... go on, treat yourselves to this üîª
https://t.co/zRnvaEqUlm https://t‚Ä¶",22,0,Twitter for iPhone,2016-07-14 19:42:28,549705518,IsaacSerunjoji,bumali semakula III,2012-04-10 01:33:10,@arsenal fan. love @bmw and @fuelcitytacos,211,69,"Texas, USA",Eastern Time (US & Canada)
753676050970861568,"RT @Arsenal: üé• Arshavin, Kanu, Henry and Bergkamp in one compilation... go on, treat yourselves to this üîª
https://t.co/zRnvaEqUlm https://t‚Ä¶",22,0,Twitter Web Client,2016-07-14 19:42:27,753647945581551616,FalandoDeFut18,Falando de futebol,2016-07-14 17:50:47,"Opni√µes, analises t√°ticas, informa√ß√µes, transfer√™ncias e dados sobre futebol mundial.",2,46,,
753676050861809665,"RT @ArsenalMagazine: @Arsenal Ryan Rocastle speaks to John in this month's mag, which you can get right here: https://t.co/D0uOKOdiOJ https‚Ä¶",30,0,Twitter Web Client,2016-07-14 19:42:27,2943921218,Vela11111,Vela,2014-12-26 12:52:59,,78,138,,
753676049855152128,"@__BobbleHead__ poverty clubs like Juve can pay that but Arsenal won't. 
Joke",0,0,Twitter for Android,2016-07-14 19:42:27,419531756,HFooty,hammad.,2011-11-23 13:26:01,"Arsenal FC. Mesut Ozil. Granit Xhaka. Change is inevitable. Easily rustled 
*Write something inspirational and cool here*",1754,1491,"Lahore, Pakistan",Baku
753676049007902720,RT @tomgunner14: Arsene Wenger has advised Joel Campbell to find a new club ahead of the new season. #Arsenal [Estadio Deportivo] https://t‚Ä¶,112,0,Twitter for Android,2016-07-14 19:42:27,485675460,DOCoker,Coker‚Ñ¢,2012-02-07 13:17:58,"God first | Music | Arsenal | Family ‚ú¥

Nothing is stopping you.",1425,933,Asguard ,
753676046101319680,"RT @Arsenal: üé• Arshavin, Kanu, Henry and Bergkamp in one compilation... go on, treat yourselves to this üîª
https://t.co/zRnvaEqUlm https://t‚Ä¶",22,0,Twitter for BlackBerry,2016-07-14 19:42:26,121265140,uchmoni,DR UCHMAN,2010-03-08 23:54:33,"GODFIRST, FAMILY NEXT,FOOTBALL ARSENAL #2FACEIDIBIA  MEDICAL DOCTOR... Still a work in progress",1709,1090,Port harcourt Nigeria,
753676042326474753,"RT @Schweinmaster: At this stage we can literally compile a 700 page book on players Arsenal could have signed. 

The cycle continues...",4,0,Twitter for Android,2016-07-14 19:42:25,51524066,Marleek99,ABD.MALIK,2009-06-27 19:03:12,MUFC | | GOAT,466,449,"Lagos, Nigeria",Amsterdam
753676039927259136,RT @AnfieldObserver: ¬£407m spent on transfers since they took over. Higher net spend than Arsenal who are richer. Just spent it badly. http‚Ä¶,9,0,Mobile Web (M5),2016-07-14 19:42:25,220323622,schoudshady,shady ‚Ñ¢¬©,2010-11-27 12:54:03,,1155,1106,UK,London
753676035573501952,RT to annoy Arsenal fans https://t.co/Z6llk7aVnV,0,0,Twitter for Android,2016-07-14 19:42:24,436792390,adeyinkapicasso,Ade,2011-12-14 15:50:01,PhD candidate @ uregina.ca   #ManUnited.,309,388,"Regina, Saskatchewan",Casablanca
753676029965762560,"RT @FabrizioRomano: If Napoli will not accept, Juve would be ready to pay release-clause (‚Ç¨94M!) for Higuain. Arsenal, now, just talks and‚Ä¶",76,0,Twitter for Android,2016-07-14 19:42:22,22949019,Dinklage_Afc,Dinklage,2009-03-05 17:37:39,For the love of god and your own health please do not take 100% of my tweets or retweets seriously...thanks.,3120,995,,Dublin
753676029663862785,I pity Arsenal. They will continue beating about the bush till more serious teams grab Lacazette. Continue. https://t.co/9TunwqJfui,0,0,Twitter for Android,2016-07-14 19:42:22,22893407,ProudlyEd,Edward A. Ahamba,2009-03-05 07:17:24,"Business Executive, Family Man. Loves Music, Sports , Politics, Diplomacy. Re-tweet is not an endorsement.",177,369,"Lagos, Nigeria",London
753676029554745344,RT @registability: United are willing to spend ¬£25m as an agent fee. Arsenal don‚Äôt even want to spend ¬£25m on a CF. Different ambitions.,226,0,Twitter for Android,2016-07-14 19:42:22,1097660652,MohamedBareShil,JIBAAGA NIGGA DUUUZE,2013-01-17 09:21:29,"Global Citizen.. 
Kenya ~ Nairobi
Germany ~ Berlin-Kaiserslautern-Munchen. HEART OF A KING!!
#MUFC... Stretford End. 
THE IMPOSSIBLE DREAM. RED ARMY
#GGMU #MUFC",1181,1943,DEUTSCHLAND.....GERMANY,Amsterdam
753676025796648960,"Hopefully with Juventus entering the race for Higuain, Arsenal might actually get a slightly better deal  offered if he were to leave abroad",0,0,Twitter Web Client,2016-07-14 19:42:21,53757140,Dan14Slade,SL√ÑDE,2009-07-04 20:49:12,Act now............think before hand Gooner/Philanthropist/Quixotic/Visionary/Awesome,256,482,London,Casablanca
753676025393876993,"RT @Arsenal: üé• Arshavin, Kanu, Henry and Bergkamp in one compilation... go on, treat yourselves to this üîª
https://t.co/zRnvaEqUlm https://t‚Ä¶",22,0,Twitter Web Client,2016-07-14 19:42:21,3095980725,Himansh2412997,Himansh,2015-03-19 05:13:54,FOLLOWS YOU,397,230,IN YOUR  ‚ù§ ,New Delhi
753676025251323904,"Arsenal - Top five solo goals... https://t.co/p3n2RTQ7CE
 #AFC",0,0,arsenal twitter news,2016-07-14 19:42:21,3010398905,afcnewsarsena,Arsenal News,2015-02-01 16:11:12,All the latest Arsenal news from across the internet! News app for iOS here: https://t.co/M3ZtEqdhUh  Free game here: https://t.co/lpncgpQrlj  !,3221,3634,,
753676023766609921,@Arsenal @ThierryHenry @papilokanu @AndrArshavin23 announce Higuain ffs,0,1,Twitter for iPhone,2016-07-14 19:42:21,4808087615,yungmat_,Mat,2016-01-14 22:08:22,"Polska. Arsenal. AR8, GX29, M√ñ11. #TeamRamsey.",523,220,main:,Pacific Time (US & Canada)
753676020645978112,"RT @DeadlineDayLive: Barcelona defender Thomas Vermaelen, is a target for former club Arsenal, while West Ham are also interested. (Source:‚Ä¶",55,0,Twitter for iPhone,2016-07-14 19:42:20,925392894,MuzzamirMazlan,„É†BOYÔ£ø,2012-11-04 13:56:11,21,502,283,Malaysia,Beijing
753676015654895616,The all new Puma Arsenal Training /Goalkeeper &amp; Replica kits available to buy here https://t.co/27KF7IR9MY #Gunners https://t.co/81Y9OZFZkm,0,0,SocialOomph,2016-07-14 19:42:19,510834570,sportsultima,sportsultima.com,2012-03-01 20:51:40,http://t.co/0tn4CaZMqX is here to bring you the most exciting and innovative sporting products from the largest sporting brands on the planet,60638,25248,UNITED KINGDOM,London
753676015579369472,"RT @Arsenal: üé• Arshavin, Kanu, Henry and Bergkamp in one compilation... go on, treat yourselves to this üîª
https://t.co/zRnvaEqUlm https://t‚Ä¶",22,0,Twitter for iPhone,2016-07-14 19:42:19,2337297515,MichaelalLea,michaela,2014-02-11 08:28:45,@Arsenal | big 17 (45) | jenko ‚ù§Ô∏è | @coqblxcked,1396,2800,"England, United Kingdom",
753676015226892288,"RT @Slasherrrr: Oh, those goal scorers look strangely familiar... #lfc #arsenal https://t.co/rFKvZ8ukpb",2,0,Twitter for Android,2016-07-14 19:42:19,63936190,KushalSinghal,10,2009-08-08 08:42:25,You're born alone and you die alone. This world drops a bunch of rules to make you forget that.,362,212,"Mumbai,India",New Delhi
753676011225702405,FBI agents find arsenal in Weymouth house https://t.co/TtzE0n9xAV,0,0,IFTTT,2016-07-14 19:42:18,4880695753,news_all_day,News all day,2016-02-09 01:17:17,,60,0,,Pacific Time (US & Canada)
753676009975738368,@Arsenal FUCKING SOME #SPENDMONEY  SPEND MONEY SPEND SPEND SPEND https://t.co/ez2kKMuA5w,0,0,Twitter Web Client,2016-07-14 19:42:18,2943921218,Vela11111,Vela,2014-12-26 12:52:59,,78,138,,
753676008918777858,"RT @Arsenal: üë£ Represent your country and run the #Arsenal5k! Get all the information you need hereüëá

https://t.co/N0NdgGpcR6 https://t.co/‚Ä¶",50,0,Twitter Web Client,2016-07-14 19:42:17,152473326,Maxi_Arg36,Maximiliano Arg√ºello,2010-06-06 02:14:58,14/01/1994-CNM 2012-Derecho UNC- CABJ/AFC/CAT/ASR-Animal del √°rea #KingInTheNorth  #CeratiEterno #VictoriaConcordiaCrescit #YouHaveFailedThisCity #ImBatman,208,597,"C√≥rdoba, Argentina",Santiago
753676005814960128,"RT @FabrizioRomano: If Napoli will not accept, Juve would be ready to pay release-clause (‚Ç¨94M!) for Higuain. Arsenal, now, just talks and‚Ä¶",76,0,Twitter for Android,2016-07-14 19:42:17,368235640,andrysantangelo,Andrea Santangelo,2011-09-05 09:27:34,"I have many passion, football, girls, motorsport, but my biggest passion is F.C INTERNAZIONALE MILANO",106,337,,
753676003717877760,"RT @iDanTheGunner: Thierry Henry chose Sky Sports over Arsenal.
Ars√®ne Wenger has always put Arsenal before everything, including his marri‚Ä¶",157,0,Twitter Web Client,2016-07-14 19:42:16,458051211,bournecain,S√°n 9,2012-01-08 03:54:04,"Aerospace Engineer, Photog, Center Forward, A Gooner. Not necessarily in that order. Check out my photo account @sanslensview",76,162,,Eastern Time (US & Canada)
753676003604586496,"RT @FabrizioRomano: If Napoli will not accept, Juve would be ready to pay release-clause (‚Ç¨94M!) for Higuain. Arsenal, now, just talks and‚Ä¶",76,0,Twitter for iPhone,2016-07-14 19:42:16,2280235516,NickGioia92,Nick,2014-01-13 23:56:20,Die Hard Leafs Fan!‚ù§Ô∏è | Forza Milan | WeTheNorth | TFC | La Flame |  SteelersNation | Jays |,522,888,,
753676002358923265,Higuain and Arsenal are never meant to be......,1,0,Twitter for Android,2016-07-14 19:42:16,50748390,Aereira_,Ashley Pereira,2009-06-25 19:51:16,"I only tweet because I love football, that and the voices in my head make me to. Manchester United, @TheOfficialA7X & @DjokerNole fan!",1269,1491,Dubai/Goa,Mumbai
753676002346299394,"RT @FabrizioRomano: If Napoli will not accept, Juve would be ready to pay release-clause (‚Ç¨94M!) for Higuain. Arsenal, now, just talks and‚Ä¶",76,0,Twitter for iPhone,2016-07-14 19:42:16,32817693,ayaj_,Ayoola,2009-04-18 06:47:39,"Sing loud, sing proud.. Believe in the real thing when you find it! #VCC #Arsenal. instagram - ayajayaj",749,686,Director's box!,West Central Africa
753675998856613889,RT @hashim0307: Sky Sport reports that Higuain is not willing to return to Napoli's pre-season. He wants out.,25,0,Twitter for Android,2016-07-14 19:42:15,277242701,chn_arsenal,Bossa,2011-04-05 00:11:32,"Arsenal, European Football & NBA",2056,316,,Europe/Amsterdam
753675996583366656,"RT @FabrizioRomano: If Napoli will not accept, Juve would be ready to pay release-clause (‚Ç¨94M!) for Higuain. Arsenal, now, just talks and‚Ä¶",77,0,Twitter for iPhone,2016-07-14 19:42:14,61158706,rebsdarro89,Rebecca Darrington,2009-07-29 09:46:07,Rebsdarro89,417,635,England,London
753675995471806464,"RT @Arsenal: üé• Arshavin, Kanu, Henry and Bergkamp in one compilation... go on, treat yourselves to this üîª
https://t.co/zRnvaEqUlm https://t‚Ä¶",23,0,Twitter for iPhone,2016-07-14 19:42:14,2827882090,AmazAlice5SOS,ALICEEEE,2014-10-13 17:37:12,waiting for the day Olivier Giroud makes his Instagram public,802,1112,5SOS account followed~30.08.15,
753675993215143937,"RT @FabrizioRomano: If Napoli will not accept, Juve would be ready to pay release-clause (‚Ç¨94M!) for Higuain. Arsenal, now, just talks and‚Ä¶",77,0,Twitter Web Client,2016-07-14 19:42:14,1504751736,Tapatnater,–∏—ÇœÅ .-,2013-06-11 16:39:03,"‚ô´ Ed Sheeran, #SNSD&J, ‚ô° #MUFC  ‡∏õ‡∏•.‡∏Ñ‡∏≥‡∏´‡∏¢‡∏≤‡∏ö‡πÄ‡∏¢‡∏≠‡∏∞‡∏ä‡πà‡∏ß‡∏á‡∏î‡∏π‡∏ö‡∏≠‡∏• //  ‡∏ü‡∏≠‡∏•‡πÄ‡∏£‡∏≤‡πÑ‡∏î‡πâ‡∏ô‡∏∞ ‡πÄ‡∏£‡∏≤‡∏ô‡πà‡∏≤‡∏£‡∏±‡∏Å555555555",185,400,‡∏≠‡πâ‡∏≠‡∏°‡∏≠‡∏Å‡πÅ‡∏ó‡∏á‡∏Å‡∏π ‡∏ì ‡πÇ‡∏≠‡∏•‡πÅ‡∏ó‡∏£‡∏ü‡∏ü‡∏≠‡∏£‡πå‡∏î,Pacific Time (US & Canada)
753675991873093632,"RT @FabrizioRomano: If Napoli will not accept, Juve would be ready to pay release-clause (‚Ç¨94M!) for Higuain. Arsenal, now, just talks and‚Ä¶",77,0,Twitter for Android,2016-07-14 19:42:13,237816340,Gooner4life96,mo,2011-01-13 18:07:58,"Massive Arsenal fan, football fanatic ,wannabe scout and an admirer of technical ability: Ozil&Zidane.",317,811,,Greenland
753675991227260928,RT @Coutinhology: He means the Klopp that took Dortmund further in Europe than most Arsenal fans can remember. https://t.co/FeK0KxZKL2,15,0,Twitter for Android,2016-07-14 19:42:13,373946247,Kiringeh,Big Poppa,2011-09-15 13:00:16,Husband. Father. Kopite @LFC. Nonchalant. Jobless Millionaire.,241,281,Kitengela ,Nairobi
753675990069612544,"RT @FabrizioRomano: If Napoli will not accept, Juve would be ready to pay release-clause (‚Ç¨94M!) for Higuain. Arsenal, now, just talks and‚Ä¶",77,0,Twitter for iPhone,2016-07-14 19:42:13,216119014,JMarchisello,Joe,2010-11-15 21:03:47,Juventus FC. New York Rangers. Giants. Knicks. Yanks. 'Cuse. Fino Alla Fine. NYR,201,215,Toronto/Madison Square Garden,Eastern Time (US & Canada)
753675987137728512,"@lyallr Like So like, Arsenal fans",0,0,Twitter for Android,2016-07-14 19:42:12,700800334030118913,RG_150,Rohan Gandham,2016-02-19 21:53:14,"I'm Sport Mad!
MUFC fan since birth",278,702,,
753675986642821120,"RT @DeadlineDayLive: Barcelona defender Thomas Vermaelen, is a target for former club Arsenal, while West Ham are also interested. (Source:‚Ä¶",55,0,Twitter for Android,2016-07-14 19:42:12,4690343456,oracle9990,agyekum francis,2016-01-01 16:21:04,"Be who you are, and true to yourself don't follow the crowd. A big Mufc fan ggmu",251,325,,
753675986361786368,"RT @FabrizioRomano: If Napoli will not accept, Juve would be ready to pay release-clause (‚Ç¨94M!) for Higuain. Arsenal, now, just talks and‚Ä¶",77,0,Twitter for iPhone,2016-07-14 19:42:12,2622335730,ASRLupi,AS Roma Lupi,2014-07-12 10:04:53,AS Roma & Calcio updates & analysis.,589,168,"Rome, Lazio",Dublin
753675981106339840,"RT @afcstuff: Happy Birthday to Arsenal winger Serge Gnabry, who turns 21 today! #afc https://t.co/GHvo3rbgH3",23,0,Twitter Web Client,2016-07-14 19:42:11,64216414,elpaatrondelmal,Gabriel,2009-08-09 17:46:59,"Viva Zapata! Viva Sandino! Viva Zumbi!
Ant√¥nio Conselheiro!
Todos os panteras negras
Lampi√£o, sua imagem e semelhan√ßa.",414,370,Brasil - Belo Horizonte,Greenland
753675977050337280,RT @CentreTransfer: Arsenal are ready to make a ¬£42million offer for Lyon striker Alexandre Lacazette. (Daily Express),49,0,Twitter for Android,2016-07-14 19:42:10,743438218243104768,onlyjalenhoward,Jalen Howard,2016-06-16 13:40:58,"College graduate, played at OCU now for WUFC ‚öΩ
sc:theejalen0
ig: onlyjalenhoward
**SINGLE**",249,267,"Oklahoma City, OK",
753675976983375874,"RT @FabrizioRomano: If Napoli will not accept, Juve would be ready to pay release-clause (‚Ç¨94M!) for Higuain. Arsenal, now, just talks and‚Ä¶",77,0,Twitter for Android,2016-07-14 19:42:10,445935877,asad_afc,Asad,2011-12-25 03:11:42,Ya Gunners Ya,149,143,,
753675975863459840,"RT @FabrizioRomano: If Napoli will not accept, Juve would be ready to pay release-clause (‚Ç¨94M!) for Higuain. Arsenal, now, just talks and‚Ä¶",77,0,Twitter for iPhone,2016-07-14 19:42:09,270437501,PsalmyLove,Psalmy,2011-03-22 16:31:29,Manchester United. Chicago Bulls. LH. #46.,3047,963,Nigeria,West Central Africa
753675971614633984,"RT @FabrizioRomano: If Napoli will not accept, Juve would be ready to pay release-clause (‚Ç¨94M!) for Higuain. Arsenal, now, just talks and‚Ä¶",77,0,Twitter for iPhone,2016-07-14 19:42:08,513626673,MOH_AFC,Mohammed,2012-03-03 21:33:15,#AFC,6466,918,W26 - D12 - L0 ,Hawaii
753675969836101633,"RT @FabrizioRomano: If Napoli will not accept, Juve would be ready to pay release-clause (‚Ç¨94M!) for Higuain. Arsenal, now, just talks and‚Ä¶",77,0,Twitter for Android,2016-07-14 19:42:08,391053025,AnkurBanerjee17,Ankur Banerjee,2011-10-14 23:57:11,"Health and pharma editor-in-charge @Reuters. likely to tweet about stuff happening around the world, football and LFC. Views, links RTs are mine, all mine.",343,865,Bangalore,Kolkata
753675968573739012,"RT @Saif_Nerazzurro: Arsenal fucking useless at everything!
All they do is talk 
 https://t.co/5XZnXnAaTW",1,0,Twitter for Android,2016-07-14 19:42:08,122071628,AhmedZanetti,Zanetti,2010-03-11 14:06:01,,5520,465, Egypt,Cairo
753675967273562112,"üé• Arshavin, Kanu, Henry and Bergkamp in one compilation... go on, treat yourselves to this üîª
‚Ä¶ https://t.co/tmtszh4gn4",0,0,IFTTT,2016-07-14 19:42:07,1341322597,EPL_ArabicNews,Premier League EPL,2013-04-10 07:58:50,ÿßŸÑÿ£ÿÆÿ®ÿßÿ± ÿßŸÑÿ±ÿ≥ŸÖŸäÿ© ŸÑŸÑÿØŸàÿ±Ÿä ÿßŸÑÿ£ŸÜÿ¨ŸÑŸäŸÜÿ≤Ÿä ÿßŸÑŸÖŸÖÿ™ÿßÿ≤ ÿ®ÿßŸÑÿπÿ±ÿ®Ÿäÿ© ŸàÿßŸÑÿßŸÜÿ¨ŸÑŸäŸÜÿ≤Ÿäÿ©,2904,2061,Bahrain,Nairobi
753675967193686016,"RT @FabrizioRomano: If Napoli will not accept, Juve would be ready to pay release-clause (‚Ç¨94M!) for Higuain. Arsenal, now, just talks and‚Ä¶",77,0,Twitter for iPhone,2016-07-14 19:42:07,2376869731,Imsaiagarwal,Sai Agarwal,2014-03-07 09:36:50,"Indian Cricket fan! European Football ‚öΩÔ∏è Blue is the colour ! Biggest fan of the Champions, Sunrisers Hyderabad ‚òÄÔ∏è!!",1143,942,INDIA,New Delhi
753675960982069248,RT @Arsenal: Full-time: Chelsea 6-0 #Arsenal,36159,0,Twitter for Android,2016-07-14 19:42:06,1134834492,sticklosama_,¬∞,2013-01-30 18:35:39,million dollar idea guy ‚úå,1495,924,,Paris
753675959358849024,RT @FootballFunnys: The 4 stages of watching Arsenal https://t.co/SrJrfg6ftm,3256,0,Twitter for Android,2016-07-14 19:42:05,180585051,prinzgbemi,Oloye Aremu Pokipoki,2010-08-20 00:19:11,"if you know,you know‚úå‚úå‚úå",17917,3081,"Toronto,Canada",
753675958310363137,@_Always_Arsenal @fkhanage Theo and Ox underperform and are always injured. Campbell had much more of a consistent impact.,0,1,Twitter for iPhone,2016-07-14 19:42:05,15019575,iamjoeking,J√ñe King‚ö°Ô∏è,2008-06-05 15:52:04,Jesus Christ is God and the only way to Heaven! @Arsenal @Chargers @ChicagoBulls #TheFlash fan. Retro Gamer. Kate Beckinsale IG:ireallyamjoeking,2612,2357,Maui,Hawaii
753675955961552901,sell Campbell but keep Walcott great plan @Arsenal üòíüòíüòíüòíüòí,0,0,Twitter for Android,2016-07-14 19:42:05,787260204,Tonyblacking,Gonzo,2012-08-28 15:37:27,"I'm still growing up

#LifeImitatesArt",1113,845,In A Bank Vault,
753675952689905665,"RT @FabrizioRomano: If Napoli will not accept, Juve would be ready to pay release-clause (‚Ç¨94M!) for Higuain. Arsenal, now, just talks and‚Ä¶",77,0,Twitter for Android,2016-07-14 19:42:04,729253951992926208,parcatoteu,@parcƒÉtotAna,2016-05-08 10:17:45,Misfit.,258,460,,Bucharest
753675951008051200,"RT @iDanTheGunner: Thierry Henry chose Sky Sports over Arsenal.
Ars√®ne Wenger has always put Arsenal before everything, including his marri‚Ä¶",157,0,Twitter Web Client,2016-07-14 19:42:03,1422878491,ArseNobb,Abou Diabae √ñzli,2013-05-12 11:06:35,Arsenal fan. Gunnersaurus look-a-like #COYG. Future Scien tits,4593,505,Arse,Amsterdam
